[
   {
      "fields":{
         "name":"Art"
      },
      "model":"yaas.productcategory",
      "pk":1
   },
   {
      "fields":{
         "name":"Automobiles"
      },
      "model":"yaas.productcategory",
      "pk":2
   },
   {
      "fields":{
         "name":"Entertainment"
      },
      "model":"yaas.productcategory",
      "pk":3
   },
   {
      "fields":{
         "name":"Electronics"
      },
      "model":"yaas.productcategory",
      "pk":4
   },
   {
      "fields":{
         "name":"Machinary"
      },
      "model":"yaas.productcategory",
      "pk":5
   },
   {
      "fields":{
         "name":"Books"
      },
      "model":"yaas.productcategory",
      "pk":6
   },
   {
      "fields":{
         "name":"Fashion"
      },
      "model":"yaas.productcategory",
      "pk":7
   },
   {
      "fields":{
         "name":"Health"
      },
      "model":"yaas.productcategory",
      "pk":8
   },
   {
      "fields":{
         "name":"Collections"
      },
      "model":"yaas.productcategory",
      "pk":9
   },
   {
      "fields":{
         "description":"pretor  mervyn  sicyon durian  fresco  entail",
         "product_category":3,
         "timestamp":"2014-10-11T19:49:54Z",
         "initial_price":"45.89",
         "version":0,
         "seller":3,
         "name":"satingw"
      },
      "model":"yaas.product",
      "pk":1
   },
   {
      "fields":{
         "description":"airing  logjam  stolen coffee  hallan  puling",
         "product_category":6,
         "timestamp":"2016-10-11T19:49:54Z",
         "initial_price":"86.69",
         "version":0,
         "seller":1,
         "name":"kummeru"
      },
      "model":"yaas.product",
      "pk":2
   },
   {
      "fields":{
         "description":"firkin  hiemal  sandhi sedate  achene  sobeit",
         "product_category":1,
         "timestamp":"2015-10-30T01:00:54Z",
         "initial_price":"323.8",
         "version":0,
         "seller":2,
         "name":"barrowr"
      },
      "model":"yaas.product",
      "pk":3
   },
   {
      "fields":{
         "description":"tanner  pidgin  gulley dunder  leanna  buford",
         "product_category":3,
         "timestamp":"2014-02-11T09:49:54Z",
         "initial_price":"56",
         "version":0,
         "seller":2,
         "name":"slivers"
      },
      "model":"yaas.product",
      "pk":4
   },
   {
      "fields":{
         "description":"trient  aargau  apneal rubbly  zambia  batman",
         "product_category":4,
         "timestamp":"2015-02-11T09:49:54Z",
         "initial_price":"76",
         "version":0,
         "seller":4,
         "name":"trudgef"
      },
      "model":"yaas.product",
      "pk":5
   },
   {
      "fields":{
         "description":"primly  virgin  mervyn lobate  sussex  rubbly",
         "product_category":9,
         "timestamp":"2014-10-13T12:43:06.734Z",
         "initial_price":"77",
         "version":0,
         "seller":8,
         "name":"jodeenh"
      },
      "model":"yaas.product",
      "pk":10
   },
   {
      "fields":{
         "description":"sobeit  pansil  newton piazza  salver  lustre",
         "product_category":4,
         "timestamp":"2014-10-13T13:22:24.403Z",
         "initial_price":"66",
         "version":0,
         "seller":10,
         "name":"nongasm"
      },
      "model":"yaas.product",
      "pk":11
   },
   {
      "fields":{
         "description":"barrio  hiemal  tatary lustre  blende  gheber",
         "product_category":6,
         "timestamp":"2014-10-13T14:11:03.485Z",
         "initial_price":"83",
         "version":0,
         "seller":10,
         "name":"blamerq"
      },
      "model":"yaas.product",
      "pk":14
   },
   {
      "fields":{
         "description":"cresol  lobate  sobeit coffee  bovver  firkin",
         "product_category":5,
         "timestamp":"2014-10-13T14:18:30.554Z",
         "initial_price":"89",
         "version":0,
         "seller":10,
         "name":"relivet"
      },
      "model":"yaas.product",
      "pk":15
   },
   {
      "fields":{
         "description":"barrio  extoll  advice hirsle  puebla  virgin",
         "product_category":3,
         "timestamp":"2014-10-13T14:53:49.471Z",
         "initial_price":"43",
         "version":0,
         "seller":10,
         "name":"dourahp"
      },
      "model":"yaas.product",
      "pk":16
   },
   {
      "fields":{
         "description":"primly  ashram  apneal tanner  dunder  rubbly",
         "product_category":7,
         "timestamp":"2014-10-13T15:00:05.765Z",
         "initial_price":"8",
         "version":0,
         "seller":10,
         "name":"shnapsm"
      },
      "model":"yaas.product",
      "pk":17
   },
   {
      "fields":{
         "description":"zambia  hiemal  pretor tutsan  bunsen  apneal",
         "product_category":7,
         "timestamp":"2014-10-13T18:50:53.345Z",
         "initial_price":"4",
         "version":0,
         "seller":3,
         "name":"elleryy"
      },
      "model":"yaas.product",
      "pk":20
   },
   {
      "fields":{
         "description":"barrio  primly  blende lustre  blende  tatary",
         "product_category":6,
         "timestamp":"2014-10-14T09:18:37.433Z",
         "initial_price":"12",
         "version":0,
         "seller":3,
         "name":"ineupeb"
      },
      "model":"yaas.product",
      "pk":24
   },
   {
      "fields":{
         "description":"aargau  achene  pretor bobber  gheber  wonder",
         "product_category":9,
         "timestamp":"2014-10-15T10:43:42.954Z",
         "initial_price":"679",
         "version":0,
         "seller":4,
         "name":"joggler"
      },
      "model":"yaas.product",
      "pk":26
   },
   {
      "fields":{
         "description":"sedate  buford  fresco virgin  tatary  dunder",
         "product_category":9,
         "timestamp":"2014-10-15T11:51:16.474Z",
         "initial_price":"89",
         "version":0,
         "seller":30,
         "name":"rustrej"
      },
      "model":"yaas.product",
      "pk":27
   },
   {
      "fields":{
         "description":"bunsen  ryurik  bobber rubbly  dunder  pindar",
         "product_category":8,
         "timestamp":"2014-10-15T16:03:41.503Z",
         "initial_price":"89",
         "version":0,
         "seller":12,
         "name":"jodeena"
      },
      "model":"yaas.product",
      "pk":28
   },
   {
      "fields":{
         "description":"ryurik  broody  pyrene lingoe  buckle  hiemal",
         "product_category":7,
         "timestamp":"2014-10-16T11:01:47.863Z",
         "initial_price":"45",
         "version":0,
         "seller":36,
         "name":"kummery"
      },
      "model":"yaas.product",
      "pk":35
   },
   {
      "fields":{
         "description":"gentle  hirsle  desert leanna  batman  nettie",
         "product_category":4,
         "timestamp":"2014-10-18T15:04:24.360Z",
         "initial_price":"21",
         "version":0,
         "seller":27,
         "name":"victiml"
      },
      "model":"yaas.product",
      "pk":49
   },
   {
      "fields":{
         "description":"scroop  cresol  zambia brodie  dasngt  scroop",
         "product_category":4,
         "timestamp":"2014-10-18T15:43:07.907Z",
         "initial_price":"23",
         "version":0,
         "seller":27,
         "name":"auristp"
      },
      "model":"yaas.product",
      "pk":51
   },
   {
      "fields":{
         "description":"returf  sierra  hirsle foison  bobber  durian",
         "product_category":4,
         "timestamp":"2014-10-18T16:06:30.242Z",
         "initial_price":"12",
         "version":0,
         "seller":27,
         "name":"trudgeh"
      },
      "model":"yaas.product",
      "pk":53
   },
   {
      "fields":{
         "description":"animal  puebla  thrift airing   career  dasngt",
         "product_category":5,
         "timestamp":"2014-10-18T16:16:34.265Z",
         "initial_price":"0.01",
         "version":0,
         "seller":27,
         "name":"gabionq"
      },
      "model":"yaas.product",
      "pk":55
   },
   {
      "fields":{
         "description":"tatary  layoff  lobate piazza  pidgin  kateri",
         "product_category":2,
         "timestamp":"2014-10-18T16:45:51.365Z",
         "initial_price":"21",
         "version":0,
         "seller":27,
         "name":"auristn"
      },
      "model":"yaas.product",
      "pk":56
   },
   {
      "fields":{
         "description":"firkin  tanner  stolen zambia  tatary  kodiak",
         "product_category":3,
         "timestamp":"2014-10-18T16:47:06.656Z",
         "initial_price":"211",
         "version":0,
         "seller":27,
         "name":"dustino"
      },
      "model":"yaas.product",
      "pk":57
   },
   {
      "fields":{
         "description":"likasi  puling  achene rubbly  pyrene  blende",
         "product_category":8,
         "timestamp":"2014-10-18T16:47:26.104Z",
         "initial_price":"90",
         "version":0,
         "seller":27,
         "name":"serenam"
      },
      "model":"yaas.product",
      "pk":58
   },
   {
      "fields":{
         "description":"brodie  pindar  bunsen pansil  lingoe  stolen",
         "product_category":2,
         "timestamp":"2014-10-18T16:54:45.085Z",
         "initial_price":"12",
         "version":0,
         "seller":27,
         "name":"brazers"
      },
      "model":"yaas.product",
      "pk":59
   },
   {
      "fields":{
         "description":"tanner  hiemal  buckle virgin  hallan  tatary",
         "product_category":6,
         "timestamp":"2014-10-18T20:04:00.818Z",
         "initial_price":"12",
         "version":0,
         "seller":8,
         "name":"victimu"
      },
      "model":"yaas.product",
      "pk":61
   },
   {
      "fields":{
         "description":"ryurik  layoff  ratoon hirsle  airing  ashram",
         "product_category":5,
         "timestamp":"2014-10-18T20:16:23.294Z",
         "initial_price":"8",
         "version":0,
         "seller":31,
         "name":"aorticj"
      },
      "model":"yaas.product",
      "pk":62
   },
   {
      "fields":{
         "description":"salver  sierra  asshur lustre  bovver  sierra",
         "product_category":2,
         "timestamp":"2014-10-18T20:28:23.913Z",
         "initial_price":"211",
         "version":0,
         "seller":31,
         "name":"cornerd"
      },
      "model":"yaas.product",
      "pk":64
   },
   {
      "fields":{
         "description":"bosker  puebla  logjam latent  zambia  likasi",
         "product_category":2,
         "timestamp":"2014-10-18T21:57:43.345Z",
         "initial_price":"211",
         "version":0,
         "seller":31,
         "name":"sombrey"
      },
      "model":"yaas.product",
      "pk":65
   },
   {
      "fields":{
         "description":"bosker  gulley  dahoon pyrene  carbon  bosker",
         "product_category":2,
         "timestamp":"2014-10-18T21:58:58.507Z",
         "initial_price":"12",
         "version":0,
         "seller":31,
         "name":"baaingh"
      },
      "model":"yaas.product",
      "pk":66
   },
   {
      "fields":{
         "description":"bosker  dahoon  kodiak piazza  wonder  buford",
         "product_category":2,
         "timestamp":"2014-10-18T22:17:20.717Z",
         "initial_price":"12",
         "version":0,
         "seller":31,
         "name":"serenaq"
      },
      "model":"yaas.product",
      "pk":67
   },
   {
      "fields":{
         "description":"behmen  pidgin  pyrene pretor  newton  kodiak",
         "product_category":2,
         "timestamp":"2014-10-18T22:20:11.775Z",
         "initial_price":"78",
         "version":0,
         "seller":31,
         "name":"afreshe"
      },
      "model":"yaas.product",
      "pk":68
   },
   {
      "fields":{
         "description":"tanner  pyrene  brodie sandhi  aargau  latent",
         "product_category":2,
         "timestamp":"2014-10-18T22:21:14.230Z",
         "initial_price":"78",
         "version":0,
         "seller":31,
         "name":"runroup"
      },
      "model":"yaas.product",
      "pk":69
   },
   {
      "fields":{
         "description":"mervyn  batman  header desert  latent  myelin",
         "product_category":2,
         "timestamp":"2014-10-18T22:21:51.879Z",
         "initial_price":"121",
         "version":0,
         "seller":31,
         "name":"jogglew"
      },
      "model":"yaas.product",
      "pk":70
   },
   {
      "fields":{
         "description":"aargau  fresco  sussex pretor  foison  batman",
         "product_category":2,
         "timestamp":"2014-10-18T22:30:57.043Z",
         "initial_price":"121",
         "version":0,
         "seller":31,
         "name":"corneri"
      },
      "model":"yaas.product",
      "pk":71
   },
   {
      "fields":{
         "description":"buford  broody  virgin behmen  lingoe  airing",
         "product_category":1,
         "timestamp":"2014-10-18T22:37:47.692Z",
         "initial_price":"786",
         "version":0,
         "seller":31,
         "name":"satingo"
      },
      "model":"yaas.product",
      "pk":72
   },
   {
      "fields":{
         "description":"lobate   career  latent bright  scroop  nettie",
         "product_category":6,
         "timestamp":"2014-10-18T19:45:07.769Z",
         "initial_price":"45",
         "version":0,
         "seller":21,
         "name":"vybewx"
      },
      "model":"yaas.product",
      "pk":74
   },
   {
      "fields":{
         "description":"apneal  aargau  blende dahoon  pansil  sicyon",
         "product_category":4,
         "timestamp":"2014-10-18T23:31:39.632Z",
         "initial_price":"100",
         "version":0,
         "seller":35,
         "name":"galoree"
      },
      "model":"yaas.product",
      "pk":75
   },
   {
      "fields":{
         "description":"fresco  durian  buckle piazza  sandhi  trient",
         "product_category":3,
         "timestamp":"2014-10-18T23:34:34.273Z",
         "initial_price":"45",
         "version":0,
         "seller":23,
         "name":"xavierj"
      },
      "model":"yaas.product",
      "pk":76
   },
   {
      "fields":{
         "description":"foison  sandhi  piazza fresco  blende  lobate",
         "product_category":1,
         "timestamp":"2014-10-18T23:35:48.043Z",
         "initial_price":"211",
         "version":0,
         "seller":23,
         "name":"silverw"
      },
      "model":"yaas.product",
      "pk":77
   },
   {
      "fields":{
         "description":"newton  buckle  entail firkin  rubbly  dasngt",
         "product_category":1,
         "timestamp":"2014-10-18T23:38:44.015Z",
         "initial_price":"211",
         "version":0,
         "seller":53,
         "name":"peeperk"
      },
      "model":"yaas.product",
      "pk":78
   },
   {
      "fields":{
         "description":"salver  logjam  bright kateri  layoff  dasngt",
         "product_category":2,
         "timestamp":"2014-10-18T23:41:04.746Z",
         "initial_price":"788",
         "version":0,
         "seller":34,
         "name":"wingeda"
      },
      "model":"yaas.product",
      "pk":79
   },
   {
      "fields":{
         "description":"kodiak  cresol  zambia adabel  achene  tutsan",
         "product_category":4,
         "timestamp":"2014-10-18T23:42:52.307Z",
         "initial_price":"8",
         "version":0,
         "seller":39,
         "name":"xavierg"
      },
      "model":"yaas.product",
      "pk":80
   },
   {
      "fields":{
         "description":"aargau  updike  durian sandhi  achene  tutsan",
         "product_category":1,
         "timestamp":"2014-10-18T23:46:09.011Z",
         "initial_price":"12",
         "version":0,
         "seller":12,
         "name":"gabionc"
      },
      "model":"yaas.product",
      "pk":81
   },
   {
      "fields":{
         "description":"pindar  kateri  asshur sandhi  puebla  bosker",
         "product_category":3,
         "timestamp":"2014-10-18T23:47:28.934Z",
         "initial_price":"4",
         "version":0,
         "seller":5,
         "name":"calliek"
      },
      "model":"yaas.product",
      "pk":82
   },
   {
      "fields":{
         "description":"rubbly  desert  gheber mangum  virgin  behmen",
         "product_category":1,
         "timestamp":"2014-10-18T23:48:24.710Z",
         "initial_price":"2",
         "version":0,
         "seller":8,
         "name":"ineupex"
      },
      "model":"yaas.product",
      "pk":83
   },
   {
      "fields":{
         "description":"firkin  carbon  returf ryurik  mervyn  ratoon",
         "product_category":9,
         "timestamp":"2014-10-18T23:49:42.195Z",
         "initial_price":"11",
         "version":0,
         "seller":3,
         "name":"dustinx"
      },
      "model":"yaas.product",
      "pk":84
   },
   {
      "fields":{
         "description":"sandhi  adabel  gentle hiemal  airing  desert",
         "product_category":8,
         "timestamp":"2014-10-18T23:51:07.473Z",
         "initial_price":"11",
         "version":0,
         "seller":8,
         "name":"silveru"
      },
      "model":"yaas.product",
      "pk":85
   },
   {
      "fields":{
         "description":"desert  extoll  ashram updike  barrio  puebla",
         "product_category":3,
         "timestamp":"2014-10-18T23:54:00.975Z",
         "initial_price":"11",
         "version":0,
         "seller":38,
         "name":"seraish"
      },
      "model":"yaas.product",
      "pk":86
   },
   {
      "fields":{
         "description":"ryurik  carbon  wonder myelin  sobeit  piazza",
         "product_category":6,
         "timestamp":"2014-10-18T23:56:23.340Z",
         "initial_price":"11",
         "version":0,
         "seller":8,
         "name":"auristq"
      },
      "model":"yaas.product",
      "pk":87
   },
   {
      "fields":{
         "description":"salver  layoff  sussex asshur  rubbly  advice",
         "product_category":6,
         "timestamp":"2014-10-18T23:57:06.106Z",
         "initial_price":"11",
         "version":0,
         "seller":8,
         "name":"ruderau"
      },
      "model":"yaas.product",
      "pk":88
   },
   {
      "fields":{
         "description":"fresco  durian  fresco trient  bright  thrift",
         "product_category":2,
         "timestamp":"2014-10-19T00:12:46.857Z",
         "initial_price":"10",
         "version":0,
         "seller":8,
         "name":"silverl"
      },
      "model":"yaas.product",
      "pk":89
   },
   {
      "fields":{
         "description":"newton  updike  achene brodie  dunder  tatary",
         "product_category":1,
         "timestamp":"2014-10-19T00:14:02.581Z",
         "initial_price":"65",
         "version":0,
         "seller":12,
         "name":"brazere"
      },
      "model":"yaas.product",
      "pk":90
   },
   {
      "fields":{
         "description":"mervyn  piazza  dasngt lobate  behmen  buckle",
         "product_category":7,
         "timestamp":"2014-10-19T14:41:40.621Z",
         "initial_price":"89",
         "version":0,
         "seller":13,
         "name":"silveru"
      },
      "model":"yaas.product",
      "pk":91
   },
   {
      "fields":{
         "description":"gentle  logjam  bunsen foison  dahoon  firkin",
         "product_category":3,
         "timestamp":"2014-10-23T14:14:40.152Z",
         "initial_price":"12",
         "version":0,
         "seller":50,
         "name":"dustinw"
      },
      "model":"yaas.product",
      "pk":100
   },
   {
      "fields":{
         "description":"revers  bosker  header ratoon  leanna  updike",
         "product_category":4,
         "timestamp":"2014-10-23T14:26:33.690Z",
         "initial_price":"211",
         "version":0,
         "seller":12,
         "name":"florryd"
      },
      "model":"yaas.product",
      "pk":101
   },
   {
      "fields":{
         "description":"sobeit  foison  hiemal blende  extoll  pidgin",
         "product_category":5,
         "timestamp":"2014-10-23T14:52:24.689Z",
         "initial_price":"12",
         "version":0,
         "seller":5,
         "name":"emelini"
      },
      "model":"yaas.product",
      "pk":102
   },
   {
      "fields":{
         "description":"apneal  salver  chagal mangum  puling  kateri",
         "product_category":2,
         "timestamp":"2014-10-23T20:08:32.287Z",
         "initial_price":"12",
         "version":0,
         "seller":51,
         "name":"callied"
      },
      "model":"yaas.product",
      "pk":103
   },
   {
      "fields":{
         "description":"bovver  primly  hallan hiemal  buckle  animal",
         "product_category":4,
         "timestamp":"2014-10-23T20:20:37.446Z",
         "initial_price":"83",
         "version":0,
         "seller":51,
         "name":"jodeenk"
      },
      "model":"yaas.product",
      "pk":104
   },
   {
      "fields":{
         "description":"mervyn  dasngt  myelin thrift  puebla  gheber",
         "product_category":3,
         "timestamp":"2014-10-26T23:10:49.779Z",
         "initial_price":"121",
         "version":0,
         "seller":14,
         "name":"xanthey"
      },
      "model":"yaas.product",
      "pk":107
   },
   {
      "fields":{
         "description":"feller  batman  chagal tutsan  gulley  piazza",
         "product_category":6,
         "timestamp":"2014-10-26T23:21:47.526Z",
         "initial_price":"12",
         "version":0,
         "seller":12,
         "name":"aorticc"
      },
      "model":"yaas.product",
      "pk":108
   },
   {
      "fields":{
         "description":"animal  tutsan  puebla bright  lobate  primly",
         "product_category":2,
         "timestamp":"2014-10-26T23:43:01.497Z",
         "initial_price":"909",
         "version":0,
         "seller":1,
         "name":"omeletm"
      },
      "model":"yaas.product",
      "pk":109
   },
   {
      "fields":{
         "description":"batman  header  chagal rubbly  cresol  sobeit",
         "product_category":3,
         "timestamp":"2014-10-27T00:02:51.898Z",
         "initial_price":"88",
         "version":0,
         "seller":12,
         "name":"dustinm"
      },
      "model":"yaas.product",
      "pk":110
   },
   {
      "fields":{
         "description":"kateri  pindar  kateri layoff  batman  pretor",
         "product_category":5,
         "timestamp":"2014-10-27T11:20:16.268Z",
         "initial_price":"78",
         "version":0,
         "seller":44,
         "name":"jodeenh"
      },
      "model":"yaas.product",
      "pk":111
   },
   {
      "fields":{
         "description":"chagal  barrio  latent gulley  thrift  tanner",
         "product_category":1,
         "timestamp":"2014-10-27T11:24:11.352Z",
         "initial_price":"77",
         "version":0,
         "seller":44,
         "name":"omeletk"
      },
      "model":"yaas.product",
      "pk":112
   },
   {
      "fields":{
         "description":"ryurik  piazza  ratoon foison  hiemal  bosker",
         "product_category":6,
         "timestamp":"2014-10-27T11:26:30.271Z",
         "initial_price":"12",
         "version":0,
         "seller":44,
         "name":"nongasi"
      },
      "model":"yaas.product",
      "pk":113
   },
   {
      "fields":{
         "description":"carbon  hallan  kateri ryurik  pyrene  wonder",
         "product_category":3,
         "timestamp":"2014-10-27T12:07:38.458Z",
         "initial_price":"76",
         "version":0,
         "seller":44,
         "name":"auristp"
      },
      "model":"yaas.product",
      "pk":114
   },
   {
      "fields":{
         "description":"apneal  ashram  myelin rubbly  revers  hiemal",
         "product_category":4,
         "timestamp":"2014-10-27T12:10:07.081Z",
         "initial_price":"123",
         "version":0,
         "seller":44,
         "name":"mutterj"
      },
      "model":"yaas.product",
      "pk":115
   },
   {
      "fields":{
         "description":"fresco  ryurik  puling sedate  sobeit  salver",
         "product_category":2,
         "timestamp":"2014-10-27T12:11:29.405Z",
         "initial_price":"88",
         "version":0,
         "seller":44,
         "name":"imbross"
      },
      "model":"yaas.product",
      "pk":116
   },
   {
      "fields":{
         "description":"primly  airing  lingoe rubbly  lingoe  animal",
         "product_category":7,
         "timestamp":"2014-10-27T12:13:02.209Z",
         "initial_price":"45",
         "version":0,
         "seller":44,
         "name":"ellerya"
      },
      "model":"yaas.product",
      "pk":117
   },
   {
      "fields":{
         "description":"puling  firkin  behmen sussex  animal  hiemal",
         "product_category":7,
         "timestamp":"2014-10-27T12:14:15.582Z",
         "initial_price":"45",
         "version":0,
         "seller":44,
         "name":"blameru"
      },
      "model":"yaas.product",
      "pk":118
   },
   {
      "fields":{
         "description":"extoll  pyrene  sierra sierra  virgin  bunsen",
         "product_category":1,
         "timestamp":"2014-10-28T20:48:01.306Z",
         "initial_price":"530",
         "version":0,
         "seller":51,
         "name":"barrowy"
      },
      "model":"yaas.product",
      "pk":119
   },
   {
      "fields":{
         "description":"sicyon  chagal  ratoon sicyon  puling  airing",
         "product_category":5,
         "timestamp":"2014-10-29T23:17:59.395Z",
         "initial_price":"21",
         "version":0,
         "seller":28,
         "name":"barrowy"
      },
      "model":"yaas.product",
      "pk":120
   },
   {
      "fields":{
         "description":"viva",
         "product_category":2,
         "timestamp":"2014-10-31T16:47:25.218Z",
         "initial_price":"78",
         "version":0,
         "seller":51,
         "name":"emelina"
      },
      "model":"yaas.product",
      "pk":122
   },
   {
      "fields":{
         "description":"caca",
         "product_category":1,
         "timestamp":"2014-10-31T21:42:27.549Z",
         "initial_price":"88",
         "version":0,
         "seller":51,
         "name":"florryn"
      },
      "model":"yaas.product",
      "pk":123
   },
   {
      "fields":{
         "description":"return HttpResponseRedirect('/myauction/')",
         "product_category":3,
         "timestamp":"2014-10-31T21:45:40.143Z",
         "initial_price":"88",
         "version":0,
         "seller":51,
         "name":"albeitw"
      },
      "model":"yaas.product",
      "pk":124
   },
   {
      "fields":{
         "version":0,
         "name":"Active"
      },
      "model":"yaas.auctionstatus",
      "pk":1
   },
   {
      "fields":{
         "version":0,
         "name":"Banned"
      },
      "model":"yaas.auctionstatus",
      "pk":2
   },
   {
      "fields":{
         "version":0,
         "name":"Due"
      },
      "model":"yaas.auctionstatus",
      "pk":3
   },
   {
      "fields":{
         "version":0,
         "name":"Adjudicated"
      },
      "model":"yaas.auctionstatus",
      "pk":4
   },
   {
      "fields":{
         "status":1,
         "product":1,
         "title":"hovercraftr",
         "updated_time":"2014-11-02T16:35:22.005Z",
         "version":0,
         "end_time":"2016-10-11T19:49:54Z",
         "current_price":"0"
      },
      "model":"yaas.auction",
      "pk":1
   },
   {
      "fields":{
         "status":3,
         "product":2,
         "title":"unappositez",
         "updated_time":"2014-11-02T16:35:18.675Z",
         "version":0,
         "end_time":"2014-10-16T19:49:54Z",
         "current_price":"0"
      },
      "model":"yaas.auction",
      "pk":2
   },
   {
      "fields":{
         "status":1,
         "product":3,
         "title":"noncasuisticm",
         "updated_time":"2014-11-02T16:35:21.393Z",
         "version":0,
         "end_time":"2014-12-11T20:49:54Z",
         "current_price":"0"
      },
      "model":"yaas.auction",
      "pk":3
   },
   {
      "fields":{
         "status":1,
         "product":4,
         "title":"huguenotismd",
         "updated_time":"2014-11-02T16:35:20.593Z",
         "version":0,
         "end_time":"2014-11-11T20:49:54Z",
         "current_price":"57"
      },
      "model":"yaas.auction",
      "pk":4
   },
   {
      "fields":{
         "status":4,
         "product":5,
         "title":"pharmacologicallyp",
         "updated_time":"2014-11-02T16:35:20.491Z",
         "version":0,
         "end_time":"2014-10-31T01:09:40Z",
         "current_price":"0"
      },
      "model":"yaas.auction",
      "pk":5
   },
   {
      "fields":{
         "status":1,
         "product":11,
         "title":"shedablem",
         "updated_time":"2014-11-02T16:35:20.739Z",
         "version":0,
         "end_time":"2014-11-28T09:01:06Z",
         "current_price":"0"
      },
      "model":"yaas.auction",
      "pk":7
   },
   {
      "fields":{
         "status":3,
         "product":14,
         "title":"lollyn",
         "updated_time":"2014-11-02T16:35:20.435Z",
         "version":0,
         "end_time":"2014-10-30T16:33:05Z",
         "current_price":"0"
      },
      "model":"yaas.auction",
      "pk":8
   },
   {
      "fields":{
         "status":4,
         "product":20,
         "title":"lotisb",
         "updated_time":"2014-11-02T16:35:18.955Z",
         "version":0,
         "end_time":"2014-10-28T16:59:28Z",
         "current_price":"0"
      },
      "model":"yaas.auction",
      "pk":11
   },
   {
      "fields":{
         "status":1,
         "product":24,
         "title":"ashlessm",
         "updated_time":"2014-11-02T16:35:20.843Z",
         "version":0,
         "end_time":"2014-11-30T01:00:54Z",
         "current_price":"0"
      },
      "model":"yaas.auction",
      "pk":15
   },
   {
      "fields":{
         "status":3,
         "product":26,
         "title":"obsequencen",
         "updated_time":"2014-11-02T16:35:18.979Z",
         "version":0,
         "end_time":"2014-10-28T16:59:46Z",
         "current_price":"0"
      },
      "model":"yaas.auction",
      "pk":17
   },
   {
      "fields":{
         "status":1,
         "product":27,
         "title":"uninthralledu",
         "updated_time":"2014-11-02T16:35:21.985Z",
         "version":0,
         "end_time":"2015-10-30T01:00:54Z",
         "current_price":"0"
      },
      "model":"yaas.auction",
      "pk":18
   },
   {
      "fields":{
         "status":1,
         "product":28,
         "title":"alarmedlym",
         "updated_time":"2014-11-02T16:35:20.512Z",
         "version":0,
         "end_time":"2014-11-04T23:45:33Z",
         "current_price":"0"
      },
      "model":"yaas.auction",
      "pk":19
   },
   {
      "fields":{
         "status":4,
         "product":35,
         "title":"salliera",
         "updated_time":"2014-11-02T16:35:19.085Z",
         "version":0,
         "end_time":"2014-10-29T00:37:38Z",
         "current_price":"0"
      },
      "model":"yaas.auction",
      "pk":20
   },
   {
      "fields":{
         "status":4,
         "product":15,
         "title":"theorboc",
         "updated_time":"2014-11-02T16:35:18.778Z",
         "version":0,
         "end_time":"2014-10-27T17:09:49Z",
         "current_price":"0"
      },
      "model":"yaas.auction",
      "pk":21
   },
   {
      "fields":{
         "status":4,
         "product":10,
         "title":"daubryl",
         "updated_time":"2014-11-02T16:35:19.004Z",
         "version":0,
         "end_time":"2014-10-28T21:36:08Z",
         "current_price":"0"
      },
      "model":"yaas.auction",
      "pk":27
   },
   {
      "fields":{
         "status":4,
         "product":16,
         "title":"nonreactionr",
         "updated_time":"2014-11-02T16:35:18.799Z",
         "version":0,
         "end_time":"2014-10-27T17:24:15Z",
         "current_price":"0"
      },
      "model":"yaas.auction",
      "pk":30
   },
   {
      "fields":{
         "status":3,
         "product":17,
         "title":"titoisms",
         "updated_time":"2014-11-02T16:35:18.700Z",
         "version":0,
         "end_time":"2014-10-27T11:45:06Z",
         "current_price":"0"
      },
      "model":"yaas.auction",
      "pk":31
   },
   {
      "fields":{
         "status":1,
         "product":49,
         "title":"bewilderf",
         "updated_time":"2014-11-02T16:35:20.866Z",
         "version":0,
         "end_time":"2014-11-30T01:00:54Z",
         "current_price":"23"
      },
      "model":"yaas.auction",
      "pk":36
   },
   {
      "fields":{
         "status":4,
         "product":51,
         "title":"druidl",
         "updated_time":"2014-11-02T16:35:18.933Z",
         "version":0,
         "end_time":"2014-10-28T16:59:23Z",
         "current_price":"0"
      },
      "model":"yaas.auction",
      "pk":37
   },
   {
      "fields":{
         "status":1,
         "product":53,
         "title":"dressye",
         "updated_time":"2014-11-02T16:35:20.887Z",
         "version":0,
         "end_time":"2014-11-30T01:00:54Z",
         "current_price":"0"
      },
      "model":"yaas.auction",
      "pk":38
   },
   {
      "fields":{
         "status":3,
         "product":55,
         "title":"alipedf",
         "updated_time":"2014-11-02T16:35:18.755Z",
         "version":0,
         "end_time":"2014-10-27T15:25:42Z",
         "current_price":"0"
      },
      "model":"yaas.auction",
      "pk":40
   },
   {
      "fields":{
         "status":1,
         "product":56,
         "title":"theorbod",
         "updated_time":"2014-11-02T16:35:20.823Z",
         "version":0,
         "end_time":"2014-11-30T01:00:33Z",
         "current_price":"0"
      },
      "model":"yaas.auction",
      "pk":41
   },
   {
      "fields":{
         "status":1,
         "product":57,
         "title":"lamerj",
         "updated_time":"2014-11-02T16:35:20.907Z",
         "version":0,
         "end_time":"2014-11-30T01:00:54Z",
         "current_price":"0"
      },
      "model":"yaas.auction",
      "pk":42
   },
   {
      "fields":{
         "status":1,
         "product":58,
         "title":"theorboe",
         "updated_time":"2014-11-02T16:35:20.803Z",
         "version":0,
         "end_time":"2014-11-30T01:00:00Z",
         "current_price":"0"
      },
      "model":"yaas.auction",
      "pk":43
   },
   {
      "fields":{
         "status":1,
         "product":59,
         "title":"watchstrapy",
         "updated_time":"2014-11-02T16:35:20.928Z",
         "version":0,
         "end_time":"2014-11-30T01:00:54Z",
         "current_price":"0"
      },
      "model":"yaas.auction",
      "pk":44
   },
   {
      "fields":{
         "status":1,
         "product":61,
         "title":"nonoppositionx",
         "updated_time":"2014-11-02T16:35:21.971Z",
         "version":0,
         "end_time":"2014-12-30T21:00:54Z",
         "current_price":"0"
      },
      "model":"yaas.auction",
      "pk":46
   },
   {
      "fields":{
         "status":1,
         "product":62,
         "title":"lollyu",
         "updated_time":"2014-11-02T16:35:20.948Z",
         "version":0,
         "end_time":"2014-11-30T01:00:54Z",
         "current_price":"0"
      },
      "model":"yaas.auction",
      "pk":47
   },
   {
      "fields":{
         "status":1,
         "product":64,
         "title":"weskitt",
         "updated_time":"2014-11-02T16:35:20.967Z",
         "version":0,
         "end_time":"2014-11-30T01:00:54Z",
         "current_price":"0"
      },
      "model":"yaas.auction",
      "pk":49
   },
   {
      "fields":{
         "status":4,
         "product":65,
         "title":"diamagnetismr",
         "updated_time":"2014-11-02T16:35:18.825Z",
         "version":0,
         "end_time":"2014-10-27T17:25:07Z",
         "current_price":"0"
      },
      "model":"yaas.auction",
      "pk":50
   },
   {
      "fields":{
         "status":1,
         "product":66,
         "title":"appositionallys",
         "updated_time":"2014-11-02T16:35:20.635Z",
         "version":0,
         "end_time":"2014-11-13T01:00:54Z",
         "current_price":"0"
      },
      "model":"yaas.auction",
      "pk":51
   },
   {
      "fields":{
         "status":4,
         "product":67,
         "title":"encyclopaedicallyo",
         "updated_time":"2014-11-02T16:35:18.910Z",
         "version":0,
         "end_time":"2014-10-28T16:28:57Z",
         "current_price":"0"
      },
      "model":"yaas.auction",
      "pk":52
   },
   {
      "fields":{
         "status":4,
         "product":68,
         "title":"gonadotropinx",
         "updated_time":"2014-11-02T16:35:19.024Z",
         "version":0,
         "end_time":"2014-10-28T22:24:29Z",
         "current_price":"0"
      },
      "model":"yaas.auction",
      "pk":53
   },
   {
      "fields":{
         "status":4,
         "product":69,
         "title":"pharmacologicallyz",
         "updated_time":"2014-11-02T16:35:19.065Z",
         "version":0,
         "end_time":"2014-10-28T22:51:31Z",
         "current_price":"0"
      },
      "model":"yaas.auction",
      "pk":54
   },
   {
      "fields":{
         "status":4,
         "product":70,
         "title":"noncombinations",
         "updated_time":"2014-11-02T16:35:18.727Z",
         "version":0,
         "end_time":"2014-10-27T13:12:15Z",
         "current_price":"0"
      },
      "model":"yaas.auction",
      "pk":55
   },
   {
      "fields":{
         "status":2,
         "product":71,
         "title":"outmalaproppings",
         "updated_time":"2014-11-02T16:35:20.720Z",
         "version":0,
         "end_time":"2014-11-21T23:24:53Z",
         "current_price":"0"
      },
      "model":"yaas.auction",
      "pk":56
   },
   {
      "fields":{
         "status":4,
         "product":72,
         "title":"lithosw",
         "updated_time":"2014-11-02T16:35:19.043Z",
         "version":0,
         "end_time":"2014-10-28T22:35:28Z",
         "current_price":"0"
      },
      "model":"yaas.auction",
      "pk":57
   },
   {
      "fields":{
         "status":4,
         "product":74,
         "title":"dahoonx",
         "updated_time":"2014-11-02T16:35:19.940Z",
         "version":0,
         "end_time":"2014-10-29T14:29:17Z",
         "current_price":"0"
      },
      "model":"yaas.auction",
      "pk":59
   },
   {
      "fields":{
         "status":3,
         "product":75,
         "title":"precipitanceu",
         "updated_time":"2014-11-02T16:35:20.471Z",
         "version":0,
         "end_time":"2014-10-30T23:41:51Z",
         "current_price":"0"
      },
      "model":"yaas.auction",
      "pk":60
   },
   {
      "fields":{
         "status":1,
         "product":76,
         "title":"rapingv",
         "updated_time":"2014-11-02T16:35:20.533Z",
         "version":0,
         "end_time":"2014-11-10T01:00:54Z",
         "current_price":"77"
      },
      "model":"yaas.auction",
      "pk":61
   },
   {
      "fields":{
         "status":3,
         "product":77,
         "title":"salliery",
         "updated_time":"2014-11-02T16:35:18.862Z",
         "version":0,
         "end_time":"2014-10-27T17:26:13Z",
         "current_price":"0"
      },
      "model":"yaas.auction",
      "pk":62
   },
   {
      "fields":{
         "status":2,
         "product":78,
         "title":"nonsensualisticm",
         "updated_time":"2014-11-02T16:35:21.370Z",
         "version":0,
         "end_time":"2014-12-10T11:00:54Z",
         "current_price":"0"
      },
      "model":"yaas.auction",
      "pk":63
   },
   {
      "fields":{
         "status":3,
         "product":79,
         "title":"adhesivelyx",
         "updated_time":"2014-11-02T16:35:19.107Z",
         "version":0,
         "end_time":"2014-10-29T11:14:54Z",
         "current_price":"0"
      },
      "model":"yaas.auction",
      "pk":64
   },
   {
      "fields":{
         "status":1,
         "product":80,
         "title":"sagz",
         "updated_time":"2014-11-02T16:35:20.678Z",
         "version":0,
         "end_time":"2014-11-19T00:38:35Z",
         "current_price":"0"
      },
      "model":"yaas.auction",
      "pk":65
   },
   {
      "fields":{
         "status":1,
         "product":81,
         "title":"millecentt",
         "updated_time":"2014-11-02T16:35:21.927Z",
         "version":0,
         "end_time":"2014-12-19T00:45:45Z",
         "current_price":"0"
      },
      "model":"yaas.auction",
      "pk":66
   },
   {
      "fields":{
         "status":1,
         "product":82,
         "title":"overcircumspectionx",
         "updated_time":"2014-11-02T16:35:21.941Z",
         "version":0,
         "end_time":"2014-12-19T00:46:46Z",
         "current_price":"0"
      },
      "model":"yaas.auction",
      "pk":67
   },
   {
      "fields":{
         "status":1,
         "product":83,
         "title":"diamagnetisma",
         "updated_time":"2014-11-02T16:35:20.986Z",
         "version":0,
         "end_time":"2014-11-30T01:00:54Z",
         "current_price":"0"
      },
      "model":"yaas.auction",
      "pk":68
   },
   {
      "fields":{
         "status":1,
         "product":84,
         "title":"nonsensualistica",
         "updated_time":"2014-11-02T16:35:21.413Z",
         "version":0,
         "end_time":"2014-12-11T20:49:54Z",
         "current_price":"0"
      },
      "model":"yaas.auction",
      "pk":69
   },
   {
      "fields":{
         "status":1,
         "product":85,
         "title":"rapingi",
         "updated_time":"2014-11-02T16:35:21.434Z",
         "version":0,
         "end_time":"2014-12-11T20:49:54Z",
         "current_price":"0"
      },
      "model":"yaas.auction",
      "pk":70
   },
   {
      "fields":{
         "status":1,
         "product":86,
         "title":"runroundu",
         "updated_time":"2014-11-02T16:35:21.453Z",
         "version":0,
         "end_time":"2014-12-11T20:49:54Z",
         "current_price":"0"
      },
      "model":"yaas.auction",
      "pk":71
   },
   {
      "fields":{
         "status":1,
         "product":87,
         "title":"paisanoe",
         "updated_time":"2014-11-02T16:35:21.474Z",
         "version":0,
         "end_time":"2014-12-11T20:49:54Z",
         "current_price":"0"
      },
      "model":"yaas.auction",
      "pk":72
   },
   {
      "fields":{
         "status":1,
         "product":88,
         "title":"unappositeb",
         "updated_time":"2014-11-02T16:35:21.495Z",
         "version":0,
         "end_time":"2014-12-11T20:49:54Z",
         "current_price":"0"
      },
      "model":"yaas.auction",
      "pk":73
   },
   {
      "fields":{
         "status":3,
         "product":89,
         "title":"ehrenbreitsteine",
         "updated_time":"2014-11-02T16:35:18.887Z",
         "version":0,
         "end_time":"2014-10-28T15:26:06Z",
         "current_price":"0"
      },
      "model":"yaas.auction",
      "pk":74
   },
   {
      "fields":{
         "status":1,
         "product":90,
         "title":"rapingl",
         "updated_time":"2014-11-02T16:35:21.957Z",
         "version":0,
         "end_time":"2014-12-19T01:12:46Z",
         "current_price":"0"
      },
      "model":"yaas.auction",
      "pk":75
   },
   {
      "fields":{
         "status":1,
         "product":91,
         "title":"kotabaruu",
         "updated_time":"2014-11-02T16:35:21.327Z",
         "version":0,
         "end_time":"2014-12-10T01:00:54Z",
         "current_price":"0"
      },
      "model":"yaas.auction",
      "pk":76
   },
   {
      "fields":{
         "status":1,
         "product":100,
         "title":"lameru",
         "updated_time":"2014-11-02T16:35:21.006Z",
         "version":0,
         "end_time":"2014-11-30T01:00:54Z",
         "current_price":"0"
      },
      "model":"yaas.auction",
      "pk":78
   },
   {
      "fields":{
         "status":1,
         "product":101,
         "title":"lansbergr",
         "updated_time":"2014-11-02T16:35:21.025Z",
         "version":0,
         "end_time":"2014-11-30T01:00:54Z",
         "current_price":"0"
      },
      "model":"yaas.auction",
      "pk":79
   },
   {
      "fields":{
         "status":1,
         "product":102,
         "title":"overcircumspectionn",
         "updated_time":"2014-11-02T16:35:21.045Z",
         "version":0,
         "end_time":"2014-11-30T01:00:54Z",
         "current_price":"0"
      },
      "model":"yaas.auction",
      "pk":80
   },
   {
      "fields":{
         "status":1,
         "product":103,
         "title":"daubryx",
         "updated_time":"2014-11-02T16:35:21.065Z",
         "version":0,
         "end_time":"2014-11-30T01:00:54Z",
         "current_price":"0"
      },
      "model":"yaas.auction",
      "pk":81
   },
   {
      "fields":{
         "status":1,
         "product":104,
         "title":"ruderalt",
         "updated_time":"2014-11-02T16:35:21.085Z",
         "version":0,
         "end_time":"2014-11-30T01:00:54Z",
         "current_price":"0"
      },
      "model":"yaas.auction",
      "pk":82
   },
   {
      "fields":{
         "status":1,
         "product":107,
         "title":"appositionallyx",
         "updated_time":"2014-11-02T16:35:21.148Z",
         "version":0,
         "end_time":"2014-11-30T03:00:54Z",
         "current_price":"0"
      },
      "model":"yaas.auction",
      "pk":94
   },
   {
      "fields":{
         "status":1,
         "product":108,
         "title":"linkworkr",
         "updated_time":"2014-11-02T16:35:21.190Z",
         "version":0,
         "end_time":"2014-11-30T03:00:54Z",
         "current_price":"0"
      },
      "model":"yaas.auction",
      "pk":95
   },
   {
      "fields":{
         "status":1,
         "product":109,
         "title":"lotisz",
         "updated_time":"2014-11-02T16:35:21.348Z",
         "version":0,
         "end_time":"2014-12-10T03:00:54Z",
         "current_price":"0"
      },
      "model":"yaas.auction",
      "pk":96
   },
   {
      "fields":{
         "status":1,
         "product":110,
         "title":"nonparalysisq",
         "updated_time":"2014-11-02T16:35:21.233Z",
         "version":0,
         "end_time":"2014-11-30T03:00:54Z",
         "current_price":"0"
      },
      "model":"yaas.auction",
      "pk":97
   },
   {
      "fields":{
         "status":1,
         "product":111,
         "title":"calanthaw",
         "updated_time":"2014-11-02T16:35:21.253Z",
         "version":0,
         "end_time":"2014-11-30T03:00:54Z",
         "current_price":"0"
      },
      "model":"yaas.auction",
      "pk":98
   },
   {
      "fields":{
         "status":1,
         "product":112,
         "title":"noncasuistice",
         "updated_time":"2014-11-02T16:35:21.273Z",
         "version":0,
         "end_time":"2014-11-30T03:00:54Z",
         "current_price":"0"
      },
      "model":"yaas.auction",
      "pk":99
   },
   {
      "fields":{
         "status":1,
         "product":113,
         "title":"cytophagicg",
         "updated_time":"2014-11-02T16:35:20.781Z",
         "version":0,
         "end_time":"2014-11-28T22:47:57Z",
         "current_price":"0"
      },
      "model":"yaas.auction",
      "pk":100
   },
   {
      "fields":{
         "status":1,
         "product":114,
         "title":"cytophagicj",
         "updated_time":"2014-11-02T16:35:21.309Z",
         "version":0,
         "end_time":"2014-12-01T11:22:54Z",
         "current_price":"0"
      },
      "model":"yaas.auction",
      "pk":101
   },
   {
      "fields":{
         "status":1,
         "product":115,
         "title":"aslants",
         "updated_time":"2014-11-02T16:35:20.655Z",
         "version":0,
         "end_time":"2014-11-14T01:00:54Z",
         "current_price":"125"
      },
      "model":"yaas.auction",
      "pk":102
   },
   {
      "fields":{
         "status":1,
         "product":116,
         "title":"corvinac",
         "updated_time":"2014-11-02T16:35:21.105Z",
         "version":0,
         "end_time":"2014-11-30T01:00:54Z",
         "current_price":"0"
      },
      "model":"yaas.auction",
      "pk":103
   },
   {
      "fields":{
         "status":1,
         "product":117,
         "title":"windyf",
         "updated_time":"2014-11-02T16:35:20.552Z",
         "version":0,
         "end_time":"2014-11-11T11:12:21Z",
         "current_price":"0"
      },
      "model":"yaas.auction",
      "pk":104
   },
   {
      "fields":{
         "status":1,
         "product":118,
         "title":"calanthaj",
         "updated_time":"2014-11-02T16:35:20.407Z",
         "version":0,
         "end_time":"2014-10-30T13:12:21Z",
         "current_price":"0"
      },
      "model":"yaas.auction",
      "pk":105
   },
   {
      "fields":{
         "status":1,
         "product":119,
         "title":"harmonisty",
         "updated_time":"2014-11-02T16:35:20.759Z",
         "version":0,
         "end_time":"2014-11-28T20:36:48Z",
         "current_price":"556"
      },
      "model":"yaas.auction",
      "pk":106
   },
   {
      "fields":{
         "status":1,
         "product":120,
         "title":"pharmacologicallyy",
         "updated_time":"2014-11-02T16:35:21.127Z",
         "version":0,
         "end_time":"2014-11-30T01:00:54Z",
         "current_price":"0"
      },
      "model":"yaas.auction",
      "pk":107
   },
   {
      "fields":{
         "status":1,
         "product":122,
         "title":"fetall",
         "updated_time":"2014-11-02T16:35:20.572Z",
         "version":0,
         "end_time":"2014-11-11T16:45:01Z",
         "current_price":"79"
      },
      "model":"yaas.auction",
      "pk":108
   },
   {
      "fields":{
         "status":1,
         "product":123,
         "title":"fishgigs",
         "updated_time":"2014-11-02T16:35:20.614Z",
         "version":0,
         "end_time":"2014-11-11T21:41:26Z",
         "current_price":"89"
      },
      "model":"yaas.auction",
      "pk":109
   },
   {
      "fields":{
         "status":1,
         "product":124,
         "title":"ruderala",
         "updated_time":"2014-11-02T16:35:20.699Z",
         "version":0,
         "end_time":"2014-11-21T21:44:05Z",
         "current_price":"89"
      },
      "model":"yaas.auction",
      "pk":110
   },
   {
      "fields":{
         "contender":49,
         "version":0
      },
      "model":"yaas.bidder",
      "pk":845
   },
   {
      "fields":{
         "contender":49,
         "version":0
      },
      "model":"yaas.bidder",
      "pk":846
   },
   {
      "fields":{
         "contender":49,
         "version":0
      },
      "model":"yaas.bidder",
      "pk":847
   },
   {
      "fields":{
         "contender":2,
         "version":0
      },
      "model":"yaas.bidder",
      "pk":848
   },
   {
      "fields":{
         "contender":2,
         "version":0
      },
      "model":"yaas.bidder",
      "pk":849
   },
   {
      "fields":{
         "contender":2,
         "version":0
      },
      "model":"yaas.bidder",
      "pk":850
   },
   {
      "fields":{
         "contender":10,
         "version":0
      },
      "model":"yaas.bidder",
      "pk":851
   },
   {
      "fields":{
         "contender":10,
         "version":0
      },
      "model":"yaas.bidder",
      "pk":852
   },
   {
      "fields":{
         "contender":2,
         "version":0
      },
      "model":"yaas.bidder",
      "pk":853
   },
   {
      "fields":{
         "contender":2,
         "version":0
      },
      "model":"yaas.bidder",
      "pk":854
   },
   {
      "fields":{
         "contender":44,
         "version":0
      },
      "model":"yaas.bidder",
      "pk":855
   },
   {
      "fields":{
         "contender":44,
         "version":0
      },
      "model":"yaas.bidder",
      "pk":856
   },
   {
      "fields":{
         "contender":44,
         "version":0
      },
      "model":"yaas.bidder",
      "pk":857
   },
   {
      "fields":{
         "auc":61,
         "bid_time":"2014-11-02T16:37:51.895Z",
         "bid_amount":"46",
         "version":0,
         "unique_bidder":845
      },
      "model":"yaas.auctionbidder",
      "pk":568
   },
   {
      "fields":{
         "auc":106,
         "bid_time":"2014-11-02T16:38:18.305Z",
         "bid_amount":"555",
         "version":0,
         "unique_bidder":846
      },
      "model":"yaas.auctionbidder",
      "pk":569
   },
   {
      "fields":{
         "auc":4,
         "bid_time":"2014-11-02T16:38:41.369Z",
         "bid_amount":"57",
         "version":0,
         "unique_bidder":847
      },
      "model":"yaas.auctionbidder",
      "pk":570
   },
   {
      "fields":{
         "auc":61,
         "bid_time":"2014-11-02T16:39:11.386Z",
         "bid_amount":"46.9",
         "version":0,
         "unique_bidder":848
      },
      "model":"yaas.auctionbidder",
      "pk":571
   },
   {
      "fields":{
         "auc":108,
         "bid_time":"2014-11-02T16:39:35.945Z",
         "bid_amount":"79",
         "version":0,
         "unique_bidder":849
      },
      "model":"yaas.auctionbidder",
      "pk":572
   },
   {
      "fields":{
         "auc":110,
         "bid_time":"2014-11-02T16:40:00.043Z",
         "bid_amount":"89",
         "version":0,
         "unique_bidder":850
      },
      "model":"yaas.auctionbidder",
      "pk":573
   },
   {
      "fields":{
         "auc":61,
         "bid_time":"2014-11-02T16:40:38.772Z",
         "bid_amount":"48",
         "version":0,
         "unique_bidder":851
      },
      "model":"yaas.auctionbidder",
      "pk":574
   },
   {
      "fields":{
         "auc":109,
         "bid_time":"2014-11-02T16:40:55.995Z",
         "bid_amount":"89",
         "version":0,
         "unique_bidder":852
      },
      "model":"yaas.auctionbidder",
      "pk":575
   },
   {
      "fields":{
         "auc":61,
         "bid_time":"2014-11-02T16:41:36.052Z",
         "bid_amount":"49",
         "version":0,
         "unique_bidder":853
      },
      "model":"yaas.auctionbidder",
      "pk":576
   },
   {
      "fields":{
         "auc":102,
         "bid_time":"2014-11-02T16:41:51.723Z",
         "bid_amount":"125",
         "version":0,
         "unique_bidder":854
      },
      "model":"yaas.auctionbidder",
      "pk":577
   },
   {
      "fields":{
         "auc":61,
         "bid_time":"2014-11-02T16:42:52.503Z",
         "bid_amount":"77",
         "version":0,
         "unique_bidder":855
      },
      "model":"yaas.auctionbidder",
      "pk":578
   },
   {
      "fields":{
         "auc":36,
         "bid_time":"2014-11-02T16:43:10.444Z",
         "bid_amount":"23",
         "version":0,
         "unique_bidder":856
      },
      "model":"yaas.auctionbidder",
      "pk":579
   },
   {
      "fields":{
         "auc":106,
         "bid_time":"2014-11-02T16:43:25.681Z",
         "bid_amount":"556",
         "version":0,
         "unique_bidder":857
      },
      "model":"yaas.auctionbidder",
      "pk":580
   }
]